{
  "Socks5ListenAddr": ":10800",
  "PidFile": "amy4.pid",
  "DnsListenAddr": ":10530",
  "//": "以上内容不能修改",
  "AmyOuts": [{
    "Tag": "baidu",
    "//": "百度",
    "ProxyType": "baidu",
    "BaiduSettings": {
      "Secret": "kyy_free",
      "DestAddrs": ["157.0.148.53:443"],
      "//": "Amy4Server地址, 如果不填则不能代理UDP和部分TCP",
      "Amy4ServerAddr": "1.117.181.54:443",
      "ServerKey": "b30d706f-b6a7-48f1-a576-2375e2ac5fd3",
      "//": "TCP连接池, 不设置则不开启",
      "TCPPool": {
        "//": "最大空闲连接数",
        "MaxConn": 10,
        "//": "最小空闲连接数（达到最小空闲连接数时自动扩张到最大空闲连接数）",
        "MinConn": 1,
        "//": "连接最大空闲时间, 超过该时间连接则将失效（如果不设置则永不失效）",
        "IdleSec": 295
      }
    }
  }, {
    "Tag": "baiduTunnel",
    "//": "百度全局CONNECT",
    "ProxyType": "http",
    "HttpSettings": {
      "GlobalTunnel": true,
      "TunnelAddrs": ["157.0.148.53:443"],
      "TunnelModify": {
        "DelLine": ["User-Agent", "X-T5-Auth"],
        "AddLine": ["User-Agent: baiduboxapp", "X-T5-Auth: 1967948331"]
      },
      "//": "Tunnel TCP连接池, 不设置则不开启",
      "TunnelPool": {
        "//": "最大空闲连接数",
        "MaxConn": 60,
        "//": "最小空闲连接数（达到最小空闲连接数时自动扩张到最大空闲连接数）",
        "MinConn": 5,
        "//": "生成连接速度(每秒生成N个连接)",
        "DialSpeed": 15,
        "//": "连接最大空闲时间, 超过该时间连接则将失效（如果不设置则永不失效）",
        "IdleSec": 295
      }
    }
  }, {
    "Tag": "block",
    "ProxyType": "block"
  }, {
    "Tag": "origin",
    "ProxyType": "origin"
  }],
  "Routers": [{
    "//": "由于百度不支持IPV6, 所以将IPv6禁网",
    "OutTags": ["block"],
    "Rules": {
      "IPVersion": [6]
    }
  }, {
    "//": "由于百度不支持IPV6, 所以将查询AAAA记录的DNS禁网",
    "OutTags": ["block"],
    "Rules": {
      "DNSQType": ["AAAA"]
    }
  }, {
    "//": "80/8080/443端口直接通过Tunnel代理(包括HTTP)",
    "OutTags": ["baiduTunnel"],
    "Rules": {
      "Network": ["tcp"],
      "DPort": ["80", "8080", "443"]
    }
  }]
}