{
  "Socks5ListenAddr": ":10800",
  "PidFile": "amy4.pid",
  "DnsListenAddr": ":10530",
  "//": "以上内容不能修改",
  "AmyOuts": [{
    "Tag": "ANet",
    "//": "ANET, 轻量级TCP/UDP代理协议(类似vless/cns等), 支持HTTP头部伪装, 底层使用XTLS加密, 简单、效率",
    "ProxyType": "ANet",
    "ANetSettings": {
      "//": "amy4Server地址",
      "DestAddrs": ["221.7.197.248:8000"],
      "//": "可选值: IP/IPV4/IPV6, IP/IPV4/IPV6: 初始化时将DestAddrs中的域名解析成IP/IPV4/IPV6, 后续不再次解析域名, 否则使用默认策略",
      "DestAddrsStrategy": "IP",
      "//": "服务器验证key",
      "ServerKey": "b30d706f-b6a7-48f1-a576-2375e2ac5fd3",
      "//": "通过服务器代理的底层TLS域名",
      "FFHost": "dm.toutiao.com",
      "//": "HTTP伪装头部, 不设置则不发送",
      "HTTPRequest": "GET / HTTP/1.1\r\nHost: dm.toutiao.com\r\n\r\n",
      "//": "TCP连接池, 不设置则不开启",
      "TCPPool": {
        "//": "最大空闲连接数",
        "MaxConn": 60,
        "//": "最小空闲连接数（达到最小空闲连接数时自动扩张到最大空闲连接数）",
        "MinConn": 5,
        "//": "生成连接速度(每秒生成N个连接)",
        "DialSpeed": 15,
        "//": "连接最大空闲时间, 超过该时间连接则将失效（如果不设置则永不失效）",
        "IdleSec": 115
      }
    }
  }],
  "Routers": []
}