{
  "Socks5ListenAddr": ":10800",
  "PidFile": "amy4.pid",
  "DnsListenAddr": ":10530",
  "//": "以上内容不能修改",
  "AmyOuts": [{
    "Tag": "http",
    "ProxyType": "http",
    "httpSettings": {
      "DestAddrsStrategy": "IP",
      "HttpAddrs": ["10.0.0.200:80"],
      "//": "HTTP模块",
      "HttpModify": {
        "DelLine": ["x-online-host", "host"],
        "SetFirst": "[M] [U] [V]\r\nX-Online-Host:[H]\r\nHost:a.189.cn\r\n"
      },
      "//": "HTTPS地址",
      "TunnelAddrs": ["14.215.179.244:443"],
      "//": "HTTPS模块",
      "TunnelModify": {
        "SetFirst": "[M] [H]@a.189.cn [V]\r\n\r\nUser-Agent: baiduboxapp\r\n"
      },
      "//": "Http TCP连接池, Net模式下不支持(不设置DestAddrs)",
      "HttpPool": {
        "MaxConn": 20,
        "MinConn": 3,
        "DialSpeed": 9,
        "IdleSec": 57
      },
      "//": "Tunnel TCP连接池, 不设置则不开启",
      "TunnelPool": {
        "MaxConn": 30,
        "MinConn": 5,
        "DialSpeed": 9,
        "IdleSec": 57
      }
    }
  }, {
    "Tag": "ANet",
    "ProxyType": "ANet",
    "ANetSettings": {
      "DestAddrsStrategy": "IP",
      "DestAddrs": ["14.215.179.244:443"],
      "FFHost": "m.baidu.com",
      "HTTPRequest": "CONNECT 服务器IP:服务器端口@a.189.cn HTTP/1.1\r\nUser-Agent: baiduboxapp\r\n\r\n",
      "ServerKey": "服务器密码",
      "//": "TCP连接池, 不设置则不开启",
      "TCPPool": {
        "MaxConn": 30,
        "MinConn": 5,
        "DialSpeed": 9,
        "IdleSec": 57
      }
    }
  }, {
    "Tag": "block",
    "ProxyType": "block"
  }, {
    "Tag": "origin",
    "ProxyType": "origin"
  }],
  "Routers": [{
    "OutTags": ["http"],
    "Rules": {
      "DNSQType": ["A", "AAAA"]
    }
  }, {
    "OutTags": ["http"],
    "Rules": {
      "Network": ["tcp"],
      "DPort": ["65", "80", "443", "2020", "4949", "6447", "8080", "8081", "8443", "9443", "11762", "14000", "21762", "31762", "33445", "41762", "49156", "51762", "61762"]
    }
  }, {
    "OutTags": ["ANet"],
    "Rules": {
      "!Protocol": ["http"]
    }
  }]
}