{
  "Socks5ListenAddr": ":10800",
  "PidFile": "amy4.pid",
  "DnsListenAddr": ":10530",
  "//": "以上内容不能修改",
  "AmyOuts": [{
    "Tag": "http",
    "ProxyType": "http",
    "httpSettings": {
      "//": "HttpAddr留空表示net模式",
      "HttpAddr": "",
      "//": "HTTP模块",
      "HttpModify": {
        "DelLine": ["x-online-host"],
        "RegRep": {
          "https?://([^/]*)?/([^ ]*) [Hh][^\n]*\n": "/${2} [V]\r\nX-Online-Host: a.189.cn\r\n"
        }
      },
      "//": "HTTPS地址",
      "TunnelAddr": "180.97.104.168:443",
      "//": "HTTPS模块",
      "TunnelModify": {
        "DelLine": ["x-online-host"],
        "SetFirst": "[M] [H] [V]\r\n",
        "AddLine": ["User-Agent: baiduboxapp", "X-T5-Auth: 1967948331", "X-Online-Host: a.189.cn"]
      },
      "//": "amy4Server地址及连接密码，代理UDP用",
      "Amy4ServerAddr": "1.117.181.54:443",
      "ServerKey": "b30d706f-b6a7-48f1-a576-2375e2ac5fd3",
      "//": "Http TCP连接池, Net模式下不支持(不设置DestAddrs)",
      "HttpPool": {},
      "//": "Tunnel TCP连接池, 不设置则不开启",
      "TunnelPool": {
        "//": "最大空闲连接数",
        "MaxConn": 40,
        "//": "最小空闲连接数（达到最小空闲连接数时自动扩张到最大空闲连接数）",
        "MinConn": 5,
        "//": "生成连接速度(每秒生成N个连接)",
        "DialSpeed": 15,
        "//": "连接最大空闲时间, 超过该时间连接则将失效（如果不设置则永不失效）",
        "IdleSec": 57
      }
    }
  }],
  "Routers": []
}