{
  "Socks5ListenAddr": ":10800",
  "PidFile": "amy4.pid",
  "DnsListenAddr": ":10530",
  "//amyCdnServerAddr": "amy.quick-connect.top",
  "//": "以上内容不能修改",
  "AmyOuts": [{
      "Tag": "http",
      "ProxyType": "http",
      "httpSettings": {
        "HttpAddrs": ["10.0.0.200:80"],
        "//": "HTTP模块",
        "HttpModify": {
          "DelLine": ["x-online-host", "host"],
          "SetFirst": "[M] [U] [V]\r\nX-Online-Host:[H]\r\nHost:a.189.cn\r\n"
        }
      }
    }, {
      "Tag": "tunnel",
      "ProxyType": "http",
      "httpSettings": {
        "//": "HTTPS地址",
        "TunnelAddrs": ["14.215.179.244:443"],
        "//": "HTTPS模块",
        "TunnelModify": {
          "SetFirst": "[M] [H]@a.189.cn [V]\r\nUser-Agent: baiduboxapp\r\n"
        },
        "//": "amy4Server地址及连接密码，代理UDP用",
        "Amy4ServerAddr": "1.117.181.54:443",
        "ServerKey": "b30d706f-b6a7-48f1-a576-2375e2ac5fd3"
      }
    }, {
    "Tag": "block",
    "ProxyType": "block"
  }, {
    "Tag": "origin",
    "ProxyType": "origin"
  }],
  "Routers": [{
    "OutTags": ["http"],
    "Rules": {
      "Network": ["udp"],
      "DPort": ["53"]
    }
  }, {
    "OutTags": ["tunnel"],
    "Rules": {
      "!Protocol": ["http"]
    }
  }]
}