{
  "Socks5ListenAddr": ":10800",
  "PidFile": "amy4.pid",
  "DnsListenAddr": ":10530",
  "//": "以上内容不能修改",

  "//": "大陆IP和大陆域名通过普通百度直连代理, 其他连接通过百度转发到海外服务器代理",
  "AmyOuts": [{
    "Tag": "baidu",
    "//": "百度",
    "ProxyType": "baidu",
    "baiduSettings": {
      "Secret": "kyy_free",
      "DestAddrs": ["157.0.148.53:443"],
      "//": "Amy4Server地址, 如果不填则不能代理UDP和部分TCP",
      "Amy4ServerAddr": "1.117.181.54:443",
      "ServerKey": "b30d706f-b6a7-48f1-a576-2375e2ac5fd3",
      "//": "TCP连接池, 不设置则不开启",
      "TCPPool": {
        "//": "最大空闲连接数",
        "MaxConn": 40,
        "//": "最小空闲连接数（达到最小空闲连接数时自动扩张到最大空闲连接数）",
        "MinConn": 5,
        "//": "连接最大空闲时间, 超过该时间连接则将失效（如果不设置则永不失效）",
        "IdleSec": 295
      }
    }
  }, {
    "Tag": "baiduServer",
    "//": "百度全局走服务器",
    "ProxyType": "baiduServer",
    "baiduServerSettings": {
      "Secret": "kyy_free",
      "DestAddrs": ["157.0.148.53:443"],
      "//": "Amy4Server地址, 全局走服务器",
      "Amy4ServerAddr": "1.117.181.54:443",
      "ServerKey": "b30d706f-b6a7-48f1-a576-2375e2ac5fd3",
      "//": "TCP连接池, 不设置则不开启",
      "TCPPool": {
        "//": "最大空闲连接数",
        "MaxConn": 20,
        "//": "最小空闲连接数（达到最小空闲连接数时自动扩张到最大空闲连接数）",
        "MinConn": 3,
        "//": "连接最大空闲时间, 超过该时间连接则将失效（如果不设置则永不失效）",
        "IdleSec": 295
      }
    }
  }, {
    "Tag": "block",
    "ProxyType": "block"
  }, {
    "Tag": "origin",
    "ProxyType": "origin"
  }],
  "Routers": [{
    "//": "由于百度不支持IPV6, 所以将查询AAAA记录的DNS禁网",
    "OutTags": ["block"],
    "rules": {
      "DNSQType": ["AAAA"]
    }
  }, {
    "//": "大陆域名的DNS",
    "OutTags": ["baidu"],
    "Rules": {
      "Network": ["udp"],
      "DPort": ["53"],
      "Domain": ["ext-site:geosite.dat:cn"]
    }
  }, {
    "//": "默认的DNS",
    "OutTags": ["baiduServer"],
    "Rules": {
      "Network": ["udp"],
      "DPort": ["53"]
    }
  }, {
    "//": "大陆IP",
    "OutTags": ["baidu"],
    "Rules": {
      "DIP": ["ext-ip:geoip.dat:cn"]
    }
  }, {
    "//": "大陆域名",
    "OutTags": ["baidu"],
    "Rules": {
      "Domain": ["ext-site:geosite.dat:cn"]
    }
  }, {
    "Network": ["tcp"],
    "OutTags": ["baiduServer"]
  }]
}