{
  "Socks5ListenAddr": ":10800",
  "PidFile": "amy4.pid",
  "DnsListenAddr": ":10530",
  "//": "以上内容不能修改",
  "AmyOuts": [{
    "Tag": "wouc",
    "//": "联通UC",
    "ProxyType": "Wouc",
    "WoucSettings": {
      "//": "核心启动授权码",
      "Secret": "kyy_free",
      "//": "目标地址, 不设置则使用默认地址",
      "DestAddrs": ["101.71.140.5:8128"],
      "//": "Amy4Server地址, 如果不填则不能代理UDP和部分TCP",
      "Amy4ServerAddr": "23.101.6.195:443",
      "//": "服务器验证key",
      "ServerKey": "b30d706f-b6a7-48f1-a576-2375e2ac5fd3",
      "//": "TCP连接池, 不设置则不开启",
      "TCPPool": {
        "//": "最大空闲连接数",
        "MaxConn": 60,
        "//": "最小空闲连接数（达到最小空闲连接数时自动扩张到最大空闲连接数）",
        "MinConn": 5,
        "//": "生成连接速度(每秒生成N个连接)",
        "DialSpeed": 15,
        "//": "连接最大空闲时间, 超过该时间连接则将失效（如果不设置则永不失效）",
        "IdleSec": 295
      }
    }
  }, {
    "Tag": "block",
    "ProxyType": "block"
  }, {
    "Tag": "origin",
    "ProxyType": "origin"
  }],
  "Routers": [{
    "//": "由于联通UC不支持IPV6, 所以将IPv6禁网",
    "OutTags": ["block"],
    "Rules": {
      "IPVersion": [6]
    }
  }, {
    "//": "由于联通UC不支持IPV6, 所以将查询AAAA记录的DNS禁网",
    "OutTags": ["block"],
    "rules": {
      "DNSQType": ["AAAA"]
    }
  }, {
    "OutTags": ["wouc"]
  }]
}