{
  "Socks5ListenAddr": ":10800",
  "PidFile": "amy4.pid",
  "//LogFile": "amy4.log",
  "DnsListenAddr": ":10530",
  "//": "以上内容不能修改",
  "AmyCdnServerAddr": "amy.quick-connect.top",
  "AmyOutsDirs": [{
    "Tag": "global",
    "Dirs": ["../全局节点"]
  }, {
    "Tag": "cn",
    "Dirs": ["../海内节点"]
  }],
  "Routers": [{
    "//": "大陆域名的DNS",
    "OutTags": ["cn"],
    "Rules": {
      "Network": ["udp"],
      "DPort": ["53"],
      "Domain": ["ext-site:geosite.dat:cn"]
    }
  }, {
    "//": "默认的DNS",
    "OutTags": ["global"],
    "Rules": {
      "Network": ["udp"],
      "DPort": ["53"]
    }
  }, {
    "//": "大陆IP",
    "OutTags": ["cn"],
    "Rules": {
      "DIP": ["ext-ip:geoip.dat:cn"]
    }
  }, {
    "//": "大陆域名",
    "OutTags": ["cn"],
    "Rules": {
      "Domain": ["ext-site:geosite.dat:cn"]
    }
  }, {
    "OutTags": ["global"]
  }]
}