{
	"//": "Pid文件, 核心初始化完成后才生成pid文件",
	"PidFile": "amy4.pid",
	"//": "DNS监听地址",
	"DnsListenAddr": ":10530",
	"//": "TCP Nat监听地址",
	"NatListenAddr": ":10500",
	"//": "socks5监听地址, 同时监听TCP和UDP",
	"Socks5ListenAddr": ":10800",
	"//": "指定获取验证的服务器",
	"AmyCdnServerAddr": "amyverify.quick-connect.top",
	"//": "tcp超时, 默认为0表示没有超时。核心会开启tcp keep alive",
	"TcpTimeout": 60,
	"//": "udp超时, 默认为30",
	"UdpTimeout": 30,
	"//": "tcp缓冲区大小",
	"TcpBufferSize": 4096,
	"//": "udp缓冲区大小",
	"UdpBufferSize": 65536,
	"//": "代理出口设置",
	"AmyOuts": [{
		"//": "出口的标签",
		"Tag": "tag",
		"//": "ProxyType设置代理类型, 目前可选值如下:",
			"ANet": "ANet协议, 轻量级TCP/UDP代理协议(类似vless/cns等), 支持HTTP头部伪装, 底层使用XTLS加密, 简单、效率",
			"Baidu": "百度直连, 尽可能不经过服务器",
			"BaiduServer": "百度直连, 全局经过服务器",
			"Wouc": "联通UC, 尽可能不经过服务器",
			"WoucServer": "联通UC, 全局经过服务器",
			"Http": "尽可能经过http代理(普通http和tunnel), 遇到UDP则由amy4Server代理",
			"WospServer": "沃视频, 全局经过服务器",
			"Ctuc": "电信UC, 尽可能不经过服务器(未开放)",
			"CtucServer": "电信UC, 全局经过服务器(未开放)",
			"Womusic": "沃音乐, 尽可能不经过服务器(未开放)",
			"WomusicServer": "沃音乐, 全局经过服务器",
			"Bilivideo": "bili直连, 尽可能不经过服务器(未开放)",
			"BilivideoServer": "bili直连, 全局经过服务器(未开放)",
			"InkeServer": "映客直连, 全局经过服务器(未开放)",
			"Ctmusic": "电信爱听, 尽可能不经过服务器(未开放)",
			"CtmusicServer": "电信爱听, 全局经过服务器(未开放)",
			"Origin": "原封不动转发, 不对数据做任何修改",
			"Block": "阻止连接",
		"ProxyType": "WospServer",
		"//": "当ProxyType值为WospServer时有效",
		"WospServerSettings": {
			"//": "支持的参数请查看ProxySettings/WospSettings.json"
		},
		"//": "当ProxyType值为Womusic时有效",
		"WomusicSettings": {
			"//": "支持的参数请查看ProxySettings/WomusicSettings.json"
		},
		"//": "当ProxyType值为WomusicServer时有效",
		"WomusicServerSettings": {
			"//": "支持的参数请查看ProxySettings/WomusicServerSettings.json"
		},
		"//": "当ProxyType值为Bilivideo时有效",
		"BilivideoSettings": {
			"//": "支持的参数请查看ProxySettings/BilivideoSettings.json"
		},
		"//": "当ProxyType值为BilivideoServer时有效",
		"BilivideoServerSettings": {
			"//": "支持的参数请查看ProxySettings/BilivideoServerSettings.json"
		},
		"//": "当ProxyType值为InkeServer时有效",
		"InkeServerSettings": {
			"//": "支持的参数请查看ProxySettings/InkeServerSettings.json"
		},
		"//": "当ProxyType值为Ctmusic时有效",
		"CtmusicSettings": {
			"//": "支持的参数请查看ProxySettings/CtmusicSettings.json"
		},
		"//": "当ProxyType值为CtmusicServer时有效",
		"CtmusicServerSettings": {
			"//": "支持的参数请查看ProxySettings/CtmusicServerSettings.json"
		},
		"//": "当ProxyType值为Ctuc时有效",
		"CtucSettings": {
			"//": "支持的参数请查看ProxySettings/CtucSettings.json"
		},
		"//": "当ProxyType值为CtucServer时有效",
		"CtucServerSettings": {
			"//": "支持的参数请查看ProxySettings/CtucServerSettings.json"
		},
		"//": "当ProxyType值为Baidu时有效",
		"BaiduSettings": {
			"//": "支持的参数请查看ProxySettings/BaiduSettings.json"
		},
		"//": "当ProxyType值为BaiduServer时有效",
		"BaiduServerSettings": {
			"//": "支持的参数请查看ProxySettings/BaiduServerSettings.json"
		},
		"//": "当ProxyType值为Wouc时有效",
		"WoucSettings": {
			"//": "支持的参数请查看ProxySettings/WoucSettings.json"
		},
		"//": "当ProxyType值为WoucServer时有效",
		"WoucServerSettings": {
			"//": "支持的参数请查看ProxySettings/WoucServerSettings.json"
		},
		"//": "当ProxyType值为ANet时有效",
		"ANetSettings": {
			"//": "支持的参数请查看ProxySettings/ANetSettings.json"
		},
		"//": "当ProxyType值为Http时有效",
		"HttpSettings": {
			"//": "支持的参数请查看ProxySettings/HttpSettings.json"
		},
		"//": "当ProxyType值为Origin时有效",
		"OriginSettings": {
			"//": "支持的参数请查看ProxySettings/OriginSettings.json"
		},
		"//": "当ProxyType值为Block时有效",
		"BlockSettings": {
			"//": "支持的参数请查看ProxySettings/BlockSettings.json"
		}
	}],
	"//": "出口文件目录, Amy会将目录下的文件并添加到AmyOuts里, 支持只有AmyOuts数组的格式和完整配置文件的格式",
	"AmyOutsDirs": [{
		"//": "覆盖出口文件的Tag, 如果为空则不覆盖",
		"Tag": "cn",
		"//": "文件目录列表",
		"Dirs": ["./上海节点", "./北京节点"]
	}, {
		"//": "覆盖出口文件的Tag, 如果为空则不覆盖",
		"Tag": "global",
		"//": "文件目录列表",
		"Dirs": ["./南极洲节点"]
	}],
	"//": "域名解析策略, AsIs: 只使用域名进行路由选择(默认值); IPIfNonMatch: 当没有所有规则没有匹配时, 将域名解析成IP重新匹配",
	"DomainStrategy": "AsIs",
	"//": "路由器设置, 如果不设置路由器, 则默认使用AmyOuts里第一个出口",
	"//": "需要注意: 当收到DNS请求时, 内部会将目标地址设置为223.5.5.5:53再进行路由选择",
	"Routers": [{
		"//出口标签": "数组, 可设置多个负载均衡",
		"OutTags": [
			"global"
		],
		"//": "路由规则, 规则里所有条件都满足才可以匹配成功, 如果不设置路由规则, 则表示路由通过(参考v2ray)",
		"Rules": {
			"//": "关键字前边添加 ! 表示反向匹配",
			"//": "ip版本匹配",
			"IPVersion": [
				4,
				6
			],
			"//": "底层传输协议网络类型",
			"Network": [
				"tcp",
				"udp"
			],
			"//": "目标IP:  1. 使用cidr表示, 2. 读取文件使用 ext-ip:geoip.dat:cn 的表示方法",
			"DIP": [
				"127.0.0.1/8", 
				"8.8.8.8/32", 
				"ext-ip:geoip.dat:cn"
			],
			"//": "目标端口, 1024:2048或者1024-2048表示匹配1024到2048的所有端口",
			"DPort": [
				"53", 
				"5353", 
				"1024:2048"
			],
			"//": "目标域名, 从文件提取使用 ext-site:geosite.dat:cn 的表示方法, 不从文件提取则参考v2ray的表示方法",
			"Domain": [
				"mi.com", 
				"full:baidu.com", 
				"regexp:^youku\\.com$", 
				"domain:ipip.net", 
				"ext-site:geosite.dat:cn"
			],
			"//": "DNS查询类型, A, NS, MD, MF, CNAME, SOA, MB, MG, MR, NULL, WKS, PTR, HINFO, MINFO, MX, TXT, AAAA, UINFO, UID, GID, ANY",
			"DNSQType": [
				"A", 
				"AAAA", 
				"PTR"
			],
			"//": "承载协议, 路由器判定http与websocket是两种协议, tls等价于ssl",
			"Protocol": [
				"http",
				"httpTunnel",
				"websocket", 
				"tls", 
				"ssl"
			]
		}
	}]
}